category,material_cost,size,region,price
Jewellery,209.2,large,Gujarat,1530
Jewellery,1255.5,small,Delhi,4250
Pottery,62.8,small,Tamil Nadu,220
Jewellery,790.2,small,West Bengal,2740
Accessories,571.6,small,Delhi,1400
Painting,149.7,medium,Bihar,1070
Painting,540.9,small,Madhya Pradesh,2420
Wood Craft,458.9,large,Jammu and Kashmir,3180
Painting,520.3,large,Bihar,4380
Pottery,329.4,small,Delhi,1100
Jewellery,1177.7,small,Gujarat,3660
Jewellery,928.4,large,Odisha,7060
Textiles,296.9,medium,Uttar Pradesh,1250
Jewellery,494.5,small,Odisha,1890
Accessories,239.3,medium,Rajasthan,850
Painting,235.8,medium,Madhya Pradesh,1590
Jewellery,674.9,medium,Odisha,2930
Wood Craft,619.8,large,Kerala,3730
Textiles,629.1,small,Rajasthan,1850
Jewellery,625.7,small,West Bengal,2100
Metal Craft,1228.9,large,Chhattisgarh,8950
Accessories,210.1,large,Uttar Pradesh,1120
Metal Craft,542.6,small,Uttar Pradesh,1800
Pottery,334.7,medium,Tamil Nadu,1600
Textiles,499.0,small,Assam,1580
Wood Craft,495.7,small,Karnataka,1430
Accessories,534.1,small,Rajasthan,1180
Jewellery,711.2,small,Delhi,2700
Textiles,773.4,large,Gujarat,4420
Textiles,1031.8,large,Gujarat,6210
Metal Craft,2091.0,large,Uttar Pradesh,12680
Textiles,201.5,small,Assam,530
Wood Craft,372.1,small,Karnataka,1030
Pottery,210.0,medium,Delhi,910
Textiles,834.4,large,Assam,4980
Textiles,230.6,large,West Bengal,1200
Metal Craft,1114.0,large,Chhattisgarh,7690
Metal Craft,1597.2,small,Odisha,3960
Wood Craft,643.9,medium,Uttar Pradesh,2440
Metal Craft,1744.8,large,Chhattisgarh,10500
Wood Craft,1104.9,small,Uttar Pradesh,2700
Metal Craft,1919.5,small,West Bengal,4360
Metal Craft,740.6,medium,Uttar Pradesh,3360
Wood Craft,897.6,medium,Uttar Pradesh,3150
Textiles,1070.0,large,Assam,5490
Metal Craft,1180.3,large,Odisha,6530
Wood Craft,205.3,small,Karnataka,580
Pottery,359.6,large,Rajasthan,2850
Pottery,246.8,medium,Tamil Nadu,1230
Jewellery,1019.7,small,Gujarat,3470
Jewellery,925.0,medium,Gujarat,5450
Wood Craft,1298.2,small,Karnataka,3550
Wood Craft,425.6,medium,Karnataka,1810
Accessories,375.9,medium,Rajasthan,1440
Wood Craft,466.3,large,Karnataka,3360
Pottery,289.8,small,West Bengal,950
Textiles,828.9,small,Uttar Pradesh,2160
Pottery,62.3,medium,West Bengal,310
Painting,671.5,large,Maharashtra,5350
Wood Craft,121.5,small,Uttar Pradesh,420
Accessories,271.5,large,Gujarat,1560
Accessories,633.3,small,Uttar Pradesh,1420
Textiles,780.3,medium,Assam,2990
Textiles,1028.7,small,Gujarat,3080
Accessories,156.2,medium,Rajasthan,560
Metal Craft,1734.1,large,Odisha,9770
Accessories,470.8,medium,Rajasthan,1890
Metal Craft,896.9,small,Odisha,2320
Textiles,522.5,medium,Rajasthan,2200
Metal Craft,1507.1,large,Uttar Pradesh,11750
Pottery,337.0,medium,Rajasthan,1760
Wood Craft,627.1,large,Rajasthan,3960
Wood Craft,247.6,large,Uttar Pradesh,1540
Accessories,373.1,large,Gujarat,1990
Pottery,362.1,medium,Tamil Nadu,1770
Painting,465.6,large,Madhya Pradesh,4000
Jewellery,456.2,small,Odisha,1670
Textiles,730.9,medium,West Bengal,2640
Pottery,136.4,small,Delhi,500
Metal Craft,1068.0,small,Kerala,2800
Accessories,491.6,large,Rajasthan,2480
Pottery,316.4,small,West Bengal,940
Textiles,281.5,small,Gujarat,770
Metal Craft,1016.7,large,Kerala,5460
Jewellery,574.5,medium,Odisha,2380
Accessories,512.0,small,Delhi,1020
Accessories,624.8,large,Delhi,2970
Metal Craft,496.7,medium,Kerala,2490
Wood Craft,487.6,medium,Jammu and Kashmir,2170
Wood Craft,640.6,small,Kerala,1670
Accessories,198.3,large,Uttar Pradesh,1160
Painting,413.1,large,Maharashtra,3630
Painting,319.4,large,Bihar,2850
Jewellery,346.7,medium,West Bengal,1730
Metal Craft,1019.2,small,West Bengal,2710
Pottery,329.9,large,Delhi,2290
Painting,302.9,medium,Madhya Pradesh,1860
Textiles,608.7,medium,West Bengal,2030
Metal Craft,871.8,large,West Bengal,6280
Wood Craft,745.6,medium,Jammu and Kashmir,2700
Pottery,59.4,medium,Rajasthan,380
Painting,235.1,medium,Maharashtra,1630
Metal Craft,764.8,medium,Uttar Pradesh,3140
Pottery,380.0,medium,Rajasthan,2010
Accessories,624.4,small,Rajasthan,1760
Textiles,369.0,medium,Rajasthan,1450
Textiles,586.4,medium,Uttar Pradesh,1880
Pottery,302.2,small,West Bengal,880
Pottery,355.1,large,Delhi,2720
Jewellery,1173.0,small,Rajasthan,4320
Painting,733.2,large,Bihar,7950
Wood Craft,619.8,medium,Karnataka,2430
Painting,79.9,medium,Madhya Pradesh,460
Accessories,325.8,small,Delhi,700
Wood Craft,1258.9,medium,Jammu and Kashmir,5040
Metal Craft,1777.6,large,Uttar Pradesh,10490
Textiles,937.5,small,Uttar Pradesh,2700
Wood Craft,905.1,medium,Karnataka,3740
Painting,211.8,small,Maharashtra,950
Jewellery,1239.3,large,Rajasthan,10880
Textiles,222.2,large,West Bengal,1330
Jewellery,1013.9,medium,Rajasthan,3890
Textiles,528.2,small,Uttar Pradesh,1400
Painting,401.9,large,Rajasthan,3970
Jewellery,668.0,medium,Gujarat,2920
Jewellery,778.1,large,Odisha,5230
Jewellery,708.8,large,Delhi,6540
Pottery,321.4,medium,Rajasthan,1540
Painting,81.0,large,Odisha,890
Jewellery,1325.1,large,West Bengal,8740
Pottery,230.9,medium,Delhi,1130
Accessories,336.6,small,Delhi,830
Wood Craft,859.0,small,Uttar Pradesh,2100
Textiles,253.7,medium,Assam,950
Wood Craft,378.6,large,Kerala,2160
Metal Craft,815.0,large,Chhattisgarh,5610
Jewellery,193.0,small,Odisha,670
Wood Craft,199.3,small,Kerala,560
Wood Craft,669.2,small,Uttar Pradesh,1750
Pottery,270.6,medium,Tamil Nadu,1540
Textiles,548.1,large,Gujarat,3640
Pottery,50.9,medium,Tamil Nadu,270
Wood Craft,1206.2,medium,Karnataka,4610
Painting,460.4,medium,Madhya Pradesh,2490
Pottery,341.3,large,West Bengal,2890
Jewellery,1180.2,large,Delhi,11290
Accessories,453.4,medium,Rajasthan,1790
Metal Craft,1944.7,small,Kerala,5440
Accessories,345.0,small,Delhi,770
Accessories,146.5,medium,Delhi,520
Metal Craft,1755.1,large,Chhattisgarh,10800
Accessories,292.5,large,Rajasthan,1820
Wood Craft,659.8,small,Uttar Pradesh,1790
Metal Craft,1656.0,small,Uttar Pradesh,4460
Painting,411.7,large,Madhya Pradesh,3720
Textiles,821.4,medium,Assam,2560
Metal Craft,422.4,small,West Bengal,1310
Jewellery,451.1,large,Gujarat,3410
Metal Craft,2063.5,small,West Bengal,5210
Wood Craft,998.1,small,Karnataka,2750
Accessories,562.6,medium,Uttar Pradesh,2170
Wood Craft,800.1,large,Kerala,5780
Metal Craft,1246.4,medium,Uttar Pradesh,4780
Painting,748.3,large,Odisha,7510
Textiles,961.8,medium,Rajasthan,3030
Metal Craft,964.2,large,Odisha,6280
Pottery,74.2,large,West Bengal,690
Wood Craft,1193.4,small,Uttar Pradesh,3100
Jewellery,1359.7,small,West Bengal,5190
Metal Craft,1452.2,medium,Kerala,5840
Painting,558.9,medium,Rajasthan,3110
Painting,848.0,large,Bihar,8440
Pottery,296.1,large,Uttar Pradesh,2260
Pottery,143.5,small,West Bengal,440
Metal Craft,519.3,large,West Bengal,3390
Pottery,243.3,medium,Tamil Nadu,1230
Metal Craft,1938.7,small,Odisha,5260
Pottery,344.6,medium,West Bengal,1860
Textiles,210.9,medium,Assam,800
Metal Craft,1813.8,small,West Bengal,5400
Pottery,113.0,large,West Bengal,970
Accessories,444.9,medium,Rajasthan,1600
Jewellery,1102.9,small,Delhi,4400
Accessories,529.3,large,Uttar Pradesh,2450
Textiles,736.1,large,Gujarat,4770
Painting,685.1,small,Rajasthan,2730
Textiles,226.5,medium,Uttar Pradesh,960
Wood Craft,1153.0,medium,Jammu and Kashmir,4630
Painting,717.8,medium,Madhya Pradesh,4960
Accessories,119.1,small,Gujarat,360
Textiles,965.7,large,West Bengal,6560
Accessories,286.7,medium,Rajasthan,970
Jewellery,1063.7,medium,Delhi,4860
Jewellery,373.3,small,Delhi,1450
Wood Craft,500.3,large,Uttar Pradesh,3240
Jewellery,464.9,medium,Rajasthan,1930
Pottery,136.5,medium,Uttar Pradesh,650
Metal Craft,936.4,large,Kerala,5660
Jewellery,1033.6,medium,Rajasthan,5370
Painting,95.5,medium,Odisha,640
Textiles,961.2,small,Uttar Pradesh,2640
Metal Craft,760.4,small,West Bengal,1780
Textiles,756.0,large,Rajasthan,3650
Accessories,388.7,small,Gujarat,1100
Accessories,571.8,medium,Gujarat,2110
Textiles,1088.0,large,Uttar Pradesh,6850
Pottery,261.4,small,Rajasthan,810
Painting,82.3,medium,Bihar,530
Metal Craft,1223.3,large,Chhattisgarh,7830
Pottery,188.2,small,Tamil Nadu,540
Accessories,595.3,large,Uttar Pradesh,3360
Metal Craft,1817.5,medium,Chhattisgarh,7140
Metal Craft,386.0,small,Uttar Pradesh,1220
Jewellery,844.4,large,Gujarat,6520
Wood Craft,741.4,medium,Jammu and Kashmir,3180
Accessories,442.8,large,Gujarat,2530
Textiles,537.3,medium,West Bengal,2010
Jewellery,401.6,small,West Bengal,1180
Accessories,101.2,medium,Rajasthan,410
Pottery,235.3,large,Tamil Nadu,1810
Pottery,173.8,large,Delhi,1500
Wood Craft,481.8,small,Jammu and Kashmir,1150
Textiles,770.5,small,Rajasthan,1890
Painting,517.8,medium,Rajasthan,3760
Accessories,423.0,large,Rajasthan,2380
Pottery,93.1,large,West Bengal,790
Painting,74.8,small,Rajasthan,480
Pottery,62.1,large,Rajasthan,540
Metal Craft,880.7,medium,Uttar Pradesh,3830
Pottery,339.2,small,Rajasthan,1200
Pottery,265.9,medium,Delhi,1300
Painting,238.1,large,Bihar,2320
Pottery,129.1,large,Tamil Nadu,1020
Metal Craft,2071.2,small,Chhattisgarh,5070
Textiles,876.7,medium,Uttar Pradesh,3360
Textiles,264.0,large,Gujarat,1580
Accessories,450.8,medium,Rajasthan,1530
Metal Craft,1954.2,medium,Kerala,7060
Metal Craft,1562.6,medium,Uttar Pradesh,5650
Accessories,618.6,medium,Uttar Pradesh,1880
Accessories,113.5,medium,Delhi,400
Painting,242.8,small,Bihar,1170
Pottery,215.7,small,West Bengal,760
Textiles,366.8,small,Uttar Pradesh,900
Wood Craft,291.9,large,Karnataka,1710
Accessories,388.2,large,Delhi,2180
Wood Craft,875.2,large,Rajasthan,6010
Pottery,194.1,large,West Bengal,1650
Wood Craft,176.8,large,Karnataka,1060
Accessories,222.2,large,Rajasthan,1330
Wood Craft,567.5,large,Jammu and Kashmir,4020
Accessories,393.0,small,Uttar Pradesh,1000
Wood Craft,289.5,small,Kerala,740
Jewellery,173.0,large,Odisha,1140
Jewellery,646.6,medium,Delhi,3330
Painting,372.2,medium,Rajasthan,2080
Jewellery,927.4,small,Gujarat,2600
Jewellery,1201.1,large,Odisha,8640
Wood Craft,899.7,medium,Rajasthan,3960
Wood Craft,953.5,small,Rajasthan,2570
Jewellery,1120.8,small,Delhi,3110
Pottery,156.9,small,Rajasthan,530
Accessories,341.8,small,Gujarat,720
Wood Craft,1027.3,large,Jammu and Kashmir,6170
Painting,753.6,large,Odisha,7880
Jewellery,1093.3,small,West Bengal,3120
Painting,597.6,small,Madhya Pradesh,2630
Textiles,652.7,medium,West Bengal,2440
Textiles,493.1,large,West Bengal,2860
Wood Craft,608.2,small,Uttar Pradesh,1940
Textiles,978.1,small,West Bengal,2690
Accessories,359.5,small,Uttar Pradesh,770
Textiles,401.9,large,Gujarat,2840
Accessories,320.7,medium,Rajasthan,1180
Metal Craft,1178.7,small,West Bengal,3700
Pottery,323.7,large,West Bengal,2810
Textiles,176.8,medium,Gujarat,660
Pottery,36.7,small,Rajasthan,180
Jewellery,875.9,medium,Rajasthan,4900
Textiles,543.0,large,West Bengal,2890
